query	proteinID	source	specificity	label1	label2	seq
1_KQQ_B1_PHAGE245_M_PROTEIN_8_KL1	KQQ_B1_PHAGE245_M_PROTEIN_8	PREDICTION	KL1	KQQ_B1_PHAGE245_M_PROTEIN_8_KL1	KL1	MTQRYNTGNSRPSNSMKDLSDNAQAYDDFMNSENDTFIDRLENEKDTLAGAQKKMAAAAEASVQDARQNLIPLSRQYMTLAAAQADIANIPEGSTTYYRSPDDSALAIEVINNAGTLTATGRKMPSQQSVEHAQSTADLATTSVISGLNVLFDPLCEILLSNPTIGGKTHVPLGTLTAALSTNSKLGFPAIIAGPAAGAISARTVWLSDCAVAVGDVVTIKVTAWYANAGGRVAFVFRDSSGTQIGTQQLQYATATGINKFTSALTVPANAVRIDIRVENTANAGLVELAAVFVMTAQSVANPSVPGRPVSPYPIPLGSNVVTTAALQKQAVTVDKAAFFIPGKNLFDKSAVTTGYYVNNSTGNLIANASYSASDYMPVIAGQNYTQSYSHQTAFYDANKVYISGVLALGTPTTPRTLLAPAGAAYVRMTVANTVLDTTQFEKGSESTSYQAYSLYLDPTRIDTSSLNINSVPEYIERAYQLRVARMKLAQLESGASAILTIGIFGDSWPTQPNRFSQPLAKALRAKYGTGPGVGWTSFGRHATSDNIINGNVFSPSSSDVLKTLFTWTGNWLFSYSGTKNPTNSSPDTAVVTSSTPGDALKATVPGTSDGGWSTCRLGFVGTSDGVIRYNWDGGAWTTLNVQGSGLLFVDINPPATVNASNVLNIENVSGTVSLCGIKPIGTGSGVRVHKLGASGSSLASWLSMDATDFGKALTEMALDTVIILTGTNDQRITGGATAFEANLRAFIARIRATLPGADILFVMPCENERTDNPVTMASMAARAKKVASDLNCAYINLQYIFGENPADYAYGSIHPWFASDGIHPDPATGGYLIKDAIYRGMTYR
2_KPN_B8_PHAGE150_M_PROTEIN_7_KL11	KPN_B8_PHAGE150_M_PROTEIN_7	PREDICTION	KL11	KPN_B8_PHAGE150_M_PROTEIN_7_KL11	KL11	MAFDPPLGSTSPAVLLDNATRLDELVNGPAGTVNDRSGQPLDTWRQVLAMVAAAISDAQNSITAIGLPFTTLAEAQAAADDGKIPVGAVTWVRSTDGSSLADEYMNTGGTLQATGRKMLSYDSLKNLLPLNDNTIFLTSDPDGGDFPFAENYDRLGLDANRDVIFYWKGRNFTTLLNWSFPFIATREFNLNGMAVSERNILDEEDKENVEVLSQARLFRVMDFENYPFAESYDYIAKDSVENMMWALRGNVYYNYMKCVYREIDVAKLSVNGVSLDVNSILPAEDAQNLTRLSHASAFSNSSDFPFNPTAWTVFDKNRDVIFRVEDYWKALDDIKSLQSELAQLSPKSNPLLPFTDVASGYSQIFVYNSETGKQIQITNGESNETAPRPDGVDRIVWQSDRADPPPGALFYAQLPDMTPHAYIARKRIVGWGHSFINNGAYLNRLHALTGLPTYNFGLSGQTSDAIAARQGGDPAYYAPVGGSIPASGAVTLTPAVPGPCRSLAAPVALKCNLAGVDGTFTWDGTNALFTRETAGDAVPVSVQVPLFVYPITTVNVSGSITSGTQFDLHDECINIFWIGRNNLSETDLIMQNLDSMVEYVKPVGEKILIMADFNSSSEPTGSTGFNKMTELNHRYQDKYPDFYCAIGNVDIRQNFINHANPASSGDMEDVAAGLTPRSLRYDPLHPSQQINGNGGSLTPELALDYGANVNATFTRDVLNNKGWL
3_KPN_B18_PHAGE173_M_PROTEIN_13_KL111	KPN_B18_PHAGE173_M_PROTEIN_13	PREDICTION	KL111	KPN_B18_PHAGE173_M_PROTEIN_13_KL111	KL111	MALNPPLGNTSPEVLLDNAKRLDELVNGPAATVPDRADVPLDSWRQIMAMVAAAIIEAQNSITAIGLPFSTLDDAQAAVSDGKIPEGAVTWVRDIDDTELADEYKNISGTLTATGRKMPSQQSIDKYFQVLPDGTFALMADNGVVFAIDKNAVIRAVSLAVQDVIGIGDASIRLYPQASGFYILGENGMPLALGPDSVLRLVAANISGVGFEPDLIGVPLLIRGDNGIALALDNGGNLRTLGIVTDKLIVGGKDIAGGGDSVFSAGDRYVNSDGDLVPLLPDTKKMSAWGSSSLVVSGGSANFAAMASELGVEDWNNQGQPGESSFQSAARFGGVPFTLNFPGNIIPASGSVAVTCTQTPSNFRNSSLKSFTGTVAGVPGTLSWSSSSLRFTRTGTGDSVSLSGGADFVPTIPASYRDGVVLLWMYKNDIKWDAVANPEVNEDAIFNNVLKTVTHLTTLGKRALVIGIFNDSSYSNSIFKTRLESLNNRMRDYFGDLYCDTQDYICSSQIWTDTGITPTTSDLEMQTQGYKATSLSADNGHLSSIANKAVVQNVIKPKLVNLGWYK
4_KPN_B21_PHAGE08_M_PROTEIN_55_KL125	KPN_B21_PHAGE08_M_PROTEIN_55	PREDICTION	KL125	KPN_B21_PHAGE08_M_PROTEIN_55_KL125	KL125	MASLDDKALFEDIYRLENDTPAEAIGPEGDISYANIQAQQLANRTRWLRTQLVSISDFREYTFFKTAEDPDGTIAGRANTPNNKLFRVSQGDGDELAFKYYLHKDGVAIPDSTLIGIGSIINTIRQFPTLAAAQADADAGNIRLGATSYYRSPDDTALAVELINIDGTLKPTGRKMPSRSSMVIGVVDSWVNNNLYPFDSLSSPNENAVSMSVAAVSTIAYREAYSALLSSVAAGDIITVRYKYSGTGGAPTIGLKTSLNGTFVSNQPTLTSSNDWQEVQLTATAATATLLAIGVNTRLATTVQLSIIAYASKKNAITTAILNSLDSISSLNGKVRIGSVDSWVNNKGYPFSVFSQVNNNRVNYVNSTGVYSEMYANINVPSGGSLTFSYSLDVTAGRLFARLANGSAWTGDEVQLAGGGARQTITLVAAADTKQLKLYTKAEISAGSFFAEVNYGQKNALTEQIDSLYSAVASANAVLAILSQSSTFDSFVKSSPYTYTLSDAGVAYKQAISTVDNISGLNTVKMMYKISSSNAALKIQSRNGSNWGANERTLVADGDYHEIDLPIASGQVFSGWGVYSSAKAGGYSADVTMIPISANGVFFTPATAILYGLMAASASLDSRVTALENGQATDQNTDVIFPAYFYAVDGRPLRFYGANMVSGTRPWHNNTDIVLSSHGYEGKSVLLKDVVPDAMIMPSEINGPTLNINARADGSGNVFRKKAAFTKLAATQTGNVKVATIMDSLGERCVPWLYFALNATGATYAGAGSRKTRGMTDDGGYTLPNTPGDGIPFDGRGGWTTFDYIGKTQKTNFSQPFLRDAVAADFAAYPQYCYDKAYSGQSYADNPNLAGYHIFDVTAWMAASGVSASDKLVVVIQLGYNDLYYSYTPQQTVDAQEFMIAKFREKIANSRFVISHQAFGWSGVSAPQNWPDFAKWITQKIRKFDNRLSEKIIVAPAWAQLSYKYGMNETITATSDTGVQTVSLPDDVHPGELGGAQWGDALVAPVLAAWNL
5_KPN_B12_PHAGE073_M_PROTEIN_8_KL15	KPN_B12_PHAGE073_M_PROTEIN_8	PREDICTION	KL15	KPN_B12_PHAGE073_M_PROTEIN_8_KL15	KL15	MYRATRTMAQLPTPTQKTVPSDDIRDHVYAGGMLDKVVTSTDLKYTDRLGREHFTVDGMKAEGDKVVEATRQNLIPLSRQYMTLAEAQADISNIPDGSTTYYRSPDASALAIEVMNVSGTLQPTGRRMLSAEPFQGLVDAVLFADPAEFSRSGYASAVVAEDMFIITAVRSDGSFFIPDLDTPGIDLDTLSRITAEITFIDPIEFLRSGYRSAVLSADRYILSAVALDSDVYIPVISDSVGVIESREFARSGFINAVISGDRFIMAARTTDENAQEGSREIRMPTEFERSGYRYADASADMFVTDGDRLLTEAWRRDVYYARVVGAYSQLFKFDANGAETQLTHDNANVTNVRDSDDEVQWQSDVDAGVKGGLWFTKKSSFDPHPVFPRNIITLWGHSFLQNPRLANKLYKLTGMPVWNFGRSNITSKGAALRQGGQRIEVWPLTGKLPATTDAVQVTPSSPGPLELGAKNYALNGQGYFRGQKVWVNWYADNTLKITRYAAGAEITVPAAETLTWIPQTQEALTDIDTGQVITPQYATYDRHAEGINIFWIGRNNSAGISQVISDLKAMVEKVRSSSKFPRIVVLADFMDAGQTNGTAGRAQMFSLNAAYKRAYPEYYCEINGVDILQNFINHANPNYADDVADVAAGTTPRSLRYDDLHPSQVLQENALHIGADVNAEFIYQYLTKKGWL
6_KPN_B4_PHAGE152_M_PROTEIN_6_KL16	KPN_B4_PHAGE152_M_PROTEIN_6	PREDICTION	KL16	KPN_B4_PHAGE152_M_PROTEIN_6_KL16	KL16	MAFNPELGSTSPAVLLDNAERLDKLVNGPAADVPDRGGDPLYSWRQMMAKNDEVRQNLIPLSKQYATLAAAQADIANIPVGSTTYYRSPDDSALAIEVINNAGTLTATGRKMPSYDSLKRSNILFDAFNEQSAEQLTFASWDWYKGATPAFSTADVNLPLPTPVIQASGVTSFDKYYDVSKLQVKPGDTLAFSVLVWFENAGGKLQIYWLDSAGATITTGEASPLVAGISSPVVVIAVPSGASSIRIRVQNTVSGAFKIGAYAAAIGDVTPEFTRSFPSKAYQEALGTPDNLVYDPFGEMLSVRPKQGLPAGVVDAMSYAGTLIQNSANSPWGKTGIQNTSGVGADRIISLSSMGVKPGDTITVRLAAWFSSTGGTFQVFCRNASGVLSSATIAASASGFNDGSTTLTIPASTTYLTLRASGAMVKELVAIGVAFGRSRPEFIYGSLPAEYSGYQRQQINLWPDPWYRRYECGETCIDGWGPAQVAGVSLPAYVADYSGSPFLRKKSLIIPAGGGQTDINISAKRLGLRAGDSLTVALGVISSQAINLAAYFRTAGGTVISNSSSQPFQFPSQQYQTLVRTIAITQEIVDTAGYLQIRLMNGQTVGAAGVYVVSRGLFVGNGSPVLSDDTYRQDADFTTSRTFTLNQDSLRETHKRLMNRKLSQSATLVTAHIGDSWTHLWNRWSGIFAGKMQADYGSAGIGYIGFGYPSEAGFGQYNGNILGQITLTKTGTWTPTYAAAQSADICSVSSSDTTATFRANGIPANASSVRLFAKPQGSVKYSTDGGVNWTTIDLSTFTDLAVVSLTVPATAFNIWFSPVSGTVELYGLDVQTATDGVRSHKLGATGSSAQQWAAQVTSATWKAAFTALAPNLVTILHGTNDQTSSRDPSAFAADIQTIITAVRTACPLADVLVLMPCENQRNNNVAMAAYASVVRDICALNRVAYHDLQIDYGDKPSDYASTSPRNWFNADGIHPDPATGGGLPIVSSVLKLL
7_KPN_B8_PHAGE102_M_PROTEIN_13_KL2	KPN_B8_PHAGE102_M_PROTEIN_13	PREDICTION	KL2	KPN_B8_PHAGE102_M_PROTEIN_13_KL2	KL2	MAELNPPLGTTTPEIFLDNVKRADELVNGPAGTVNDRGGEPLDTWRQMMAKNDEIRQNLIPLSKQYATLAAAQADIANIPEGSTTYYRSPDDSALAIEVMNVGGTLQPTGRKMPSQAAIQAVLDYISSVIATDDADSPLLTLNDEAGFRLAAFGLNAIQSNAMTAEYDEFIDGFVFRDSVGFVIQQIGTPLLSSVDSVQPVVEQQRLVTEAFSAESDADISGFVFRDSVGFVLMNLNGEQSDQNNDGVDDISRRNAANLAAAAAARDEINTRIARPVYDYNILITDGQSLSNGTEGWAALSKDIRATLNINMLGDSVRPKNENGSTFTPLNGAEIRSARAVVQDLIAPPDGGNLMTDEAVAALPRGANNFGETVDIGAMWMWREMQLQFRGVVTDERKIVAVNCGVGGQIIEHLSKGHSWGFYNRIISAVTQIKAIADAEGKTCGVVGFLYLGNEYNYDSTKGGATDRAEYRALLRKLIDDVITDTTAITGQTEPPLTVLYQTSGSWTRDSTNMSIGEAQLDICAADANVMMASPAYAVTDKGGHLDANDYRWLGMQFGKVLHRAIDRRQNWRPLQPLSVTLSGTFLRADFLVWSPPLQFRACYVGSSPTTYAAKGFRVTDDAGDVPVTRVDIVADTVVDITLGRETTGDVYLWYASQTGSNGNGNLFDSDTTVAVANYEFHEGTGQYPESNIPELVNRPYPLNNPCVAFRRQAIII
8_KPN_B10_PHAGE037_M_PROTEIN_49_KL24	KPN_B10_PHAGE037_M_PROTEIN_49	PREDICTION	KL24	KPN_B10_PHAGE037_M_PROTEIN_49_KL24	KL24	MAFNPELGSTSPAVLLDNAERLDKLVNGPAADVPDRGGDPLYSWRQMMAKNDEIRQNIIPLSKQYATLAAAQADIANIPEGSTTYYRSPDDSALAIEVMNVGGTLTATGRKMPSQKTVDDLLKHVETTNLIFQLVDILGYRQFYALTSGEFGTAKTIIKPDGIELEGYSLTVSDDNGIYIENILGQRVVLVDEYGNVAPRSLRAARDGSFGTDTAMVSGNGLNFNSGGSRIDITGPEFLKVSDFLGRSKTIIDASGNLVGGGSGGGITLQDRINILNAENLNYYSKVRSRYNADIERLVFALSMVIWYGQSLSSNQEGYPALSKTPYSNLGNLMLGNSPRPNTRTGAGFTPVGSAILNPLKAVVQSGDGSYVMSDAAVAALPAGSGNEGEGAVAAVNMLRTLFLRQAALLTDPSRLLVLASCGVNGRTVEALSRGADPELYNRIREAVSKIKAIADGDSKTFGIGAFCFLQGEWNYNPGYGGDYTREGYKAKVRQLYSDVIADFCEGQRPPAMFTYQTGGTYTIDTYELAIGMAQLDMATEGGNIYGVCPSYPFPNKDSGHLTSNGYRWMDMFFGKVMFRVLVLGEGWEPLHCTGVEVQDDYALLNYAVPYPPLQWGTPYDGRTAKTYADKGFRATDANGALDITAAEIVADTVVKLTFSRRVSGKIKIWYADKTSHNGNGCLKDSDPFLATENYVYTAGSGQYADENIPELVDKPYPLENWAWAQIIETTV
9_KPN_B10_PHAGE366_M_PROTEIN_10_KL30	KPN_B10_PHAGE366_M_PROTEIN_10	PREDICTION	KL30	KPN_B10_PHAGE366_M_PROTEIN_10_KL30	KL30	MALTLLATNNAESTLASAISATDTSLIVSAGTGAEFPDAVAGESYFKLTLTDAATGSQVEIVNVTAKAGDIFTIERAQEGTLARAWLANDMVANMMTADTLNIISQYAQQAAASAAQAEEYANNASDYAQNKFTFYKTASDPDGTIAGLAATTDGQSFWVAQGPDALSAAWQYQNKAGVAVLQAKQPGTAAITGTIREFPTLAAAQADADAGNILVGSTAYYRSPDDSALAIEVINNSGTLEPTGRKMPSQQAVDDIAEQTQQVADDLAPMKGTIKFDDIGDLVAAIVDVVGFIGWQIDKNGGFGSGTAYISPDKLKISELQISKTNDALIRLTDPNGLFWDMVTKDGWSHFNAYSLPNGTSIQATNDAVLRIVDPMGLFYDIIDKNGVPAWSNSGGDGQTAEQIYINAQDPQNKSLVDADSRITLTKLKFPSDAYNHFLGEGQSLMQGDEGWAQVSRTAKYGNLMLGNSVRPAGAGENAFNPLGGSEFKPMIAVTQSLDGSTILSDAEIQALGRNDKNEGESPLVGAVNGFRKSFLDAHCLSSDSSRLFLSSAVGVSGQILANLIDDTKYYNRVVDCITKAKAVADAAGKTYSVTAIIFNQGQFDYNAGTSKSVYKSQMVQLRSKINATVTSITGQSDMPAWFISVPGYSYTPNPATQPLNAVELWVAMAQQEFCEENENCFIVGADYPLPSKGGHLMPNGYRWMGCYYAKAMDKVLNQRKPFKPVQPISFELIGNQIYCNFYVPQPPLQWQAPFRVGTRTVIGNKGFRVFSNVQADPAGIGTELTLSAIDIVSDTIVRLTCSSAPSGTVRVVYGTYQNSGQGMLTDSDPYVPDEIYEYDPQFTQWPEENITELLNKPYPMENWCIPFSKTFSV
10_KPN_B6_PHAGE068_M_PROTEIN_90_KL35	KPN_B6_PHAGE068_M_PROTEIN_90	PREDICTION	KL35	KPN_B6_PHAGE068_M_PROTEIN_90_KL35	KL35	LPVRVPTLEADTVLVDGIAVDPAAIPPAVLATNLLGLAQSSKFLDPEAFQPGGAYEGWEGYDNIWLDKSGNIQGYTREGTSYLLLPLSVPELSAKKIRLDGEDLRDVIARRTETRLPFTEMVDGKSQIMLLNNQTGQLSQVTDGTANETEPVVDGGGVLSWTSDRDSSVPGGKFYLAESGKIHPVISRRVLAGWGDSFMENPVFMNTLHALTGLPAYNFGKSGLRSTAVAARQGGDPFYCMPVDGVIPASGTVNLIPNVPGPHASASNGAMASIKCQLAGVDGTFNWDGMQASFTRDTAGSAKTVSVLTPLFVYPYTTSDVLGSMPAGVLYPEHDEAILILTCGRNNTTSVSEVVNNVKNIVSYLKPVGALPCICPQFTRGDETRGSAGYQRIHAINAGLKEALPEFYCEIDGVDLLQNFKNHYNPANATDVQNIADDTTPASLKYDTLHPSQTLMSGALYVGAEVNANFVCQFLKHKGWVK
11_KPN_B10_PHAGE005_M_PROTEIN_9_KL39	KPN_B10_PHAGE005_M_PROTEIN_9	PREDICTION	KL39	KPN_B10_PHAGE005_M_PROTEIN_9_KL39	KL39	MAEVPLPTPTDNPAPSTDIRDAVYAGAMLDKVVTSTDLTYTDRLGGEHYTVDGMKAEGDKVVEETRQNLIPLSKQYVDLASAQADIANIPVNSFTYVRDQSGDALALEYQNVEGTLTATGRKMPSQQSVDDVYAFIADNDMLSPGLNIYNYRKSIDGKYLNEQGVISDNPIYFLSDYMMVSPAMQVASNYNLRFVHFFDDQNNLLSYLTFVTQFTTPSNARYIRITGGIDSKTLLQIEAGPLKTAFKYYREYISETLPDGTPVSAKKIMGVTPGKNQFNKATATQGYAINENGELIVASTYFVSDYIKVTAGGTLRPSQPARYINFYDANKTWLSSLQNQNGAFAVPSSAAYLRISVLLARIDYFQIEVGSKMTAYEPYSLTAATSLDGDGLKYPVNEPDIYSIGLFNAGKNIYNPYTLTAGYIDENGFVVPGGTTYKFSDYLPVKASTGYVGNKSMRFINIYDADKAFISTLASTTTFTTPSNAAYVRVTLALANISGFQLEEGSAPSTYESFSYKVKSTLPHGEPVNIDVSVNATTPDYFGLERLRETHQRLNKLSFGATGLTARLTWAMIGDSYTRDTSRYALRSGRRLWSIYQNGAPNVSSGPIGWGYLSFGGADTTSSKNGSIINPNAVTSNGFVGTYYGGDSPDISVMQSSTAGATLSWDEDFRLGRTHTLLAEGGSGVISYLATGMSTATQIDLSALTSGIQAIPLNDIPTTNSGTFTITVISGTVKLYGMNIVDASAAGVVCHKLGASGSSSADWMARDATRWKTSFATLGADLTSIMLGTNDQGAAMTPATFKTNIIGMIDRVRAARPTTDVLLVCPQENQRTNNAYPMSDYAKAMYEIALNDRDCGFLWLQNDFGVKPADYAYGSARPWMIADGIHPDPDSGGYAIVAALMRALGLPAV
12_KPN_B17_PHAGE156_M_PROTEIN_70_KL48	KPN_B17_PHAGE156_M_PROTEIN_70	PREDICTION	KL48	KPN_B17_PHAGE156_M_PROTEIN_70_KL48	KL48	MTITETQKTAQLAADAAVSAAEAKQYMLEAEQGYQDTSAAAQQAQDAAGSALLSKQSAATSEENSLQYATEAGVARDEAVTAASNASEYAQNKFTFYKTASDPDGTIAGLAATTDGQSFWVAQGPDALSAAWQYQNKAGVAVLQAKQPGTAAVTGTIREFPTLAAAQADADAGNIPTGSTAYYRSADDATLAIEVINTSGTLQPTGRTAPSQEAIDLARSQIMSFLNSIFRTSGLPSGWDVLLGINKLGQYVGGIDSTGALNFGKIISAASEITTANVQNLNAGVISTTGGAKISGVTPDGFDYAIFNKIMQVCAGIKTDGSLAAGKIQAFYADIGRLVSDVIFNGGAKTTSRLPEGFLWGPTDDYGRISFGLKENGNVAAGTIEVNKLIASSIDSPSLGEVKKPILKYLADVIHLLIFGQSLSTGINAMPLQTIVAIINALRFNGGVRAQDGTGTAAENHSSLLPYIETMHDTGDGVGYETPMGGAITAIFDRLEIDAEGYSAGDIQILGSAPGQGGKTIAQLRQNPGTYMQRVNDDMSFGMARANELGLTYSPHAVIWMQGESDQSAGTTIDQYIDAYGKMVSAINGFANSVTGGTESLPWFTYQFNSWKNRTPNTSYPTIPMALLQLARTRDDTRLVQPMYMYDYYDTAHLLGFDSKICGYRFGLAIEQEMLTGKKFEPLWSKDVILQGGIGNIFYDPVRGLSLDTSLVTDPGNYGMSLLDPDDNPLTLTEVSVHLDRLRIRASGGIPAGSKLRIGFTGGTTGTLPSRTNGPRCCLRDNQGDIIKYDPNGIAYRMDNYAIVEEIILN
13_KVV_B2_PHAGE172_L_PROTEIN_109_KL55	KVV_B2_PHAGE172_L_PROTEIN_109	PREDICTION	KL55	KVV_B2_PHAGE172_L_PROTEIN_109_KL55	KL55	MANTDTSNAKQYATQAQVAAAQAKIYADQSQEASGFADAAQESADQSATSAASAADSAAAASTSASSSAISAADSAASANSASTSALTAAEFGDNKLTFADTATGIAGTINGQYFRVPQGVGNVLAFRYYKNNAGVAQEVAEYPGQGSITNSIRQYATLATAQSDVSAGNVLNGSYCWVRNSSDITLADEYINNAGTLSPTGRKVNSALPTGYQSATTVSSSAANAVAITIPGLLVDGSLIYFLSPILNTSSVNVTVTDAKGNSVTRAVQKQNNAPLVGSELLLNQPVLMEFRTGTANNFILVASGPSGADLASRISTLELNSVALLSGVANTGDAYSGTASAIPGIVASDRVFLFTPSATNTTRTPTLSVNGGTARQIKQNNGTNVAAGDLIAGYTYLVKFNFASADFRMLTYPADRSRVLNGYSKATVTSDATSPNSVALTIPGLLGDGTQLTFEPVVANTGAMTLVITDMYGNTVTRNLFKGANTALTGGELRAAMPATVQYRGSPQNNFKLLYAGDPTSDILNLKSDVTTLQGAITDPYAALANKLVGTTASTDQSPHGSITWNAGNRTITKTRIICTSIGSSVGVGAGSTGGGVAGAPYAPNTLFVNALKAELLQYGEFDIIDDNQCIPTQAFQQFAAQLANSPYSTSDFVLIVGGMNDAPVGNYNMGRTKPGQESTLRDLIDLCIARGAIPIVCTTPHHNVEMPQTYPTIPGGNPLSWPYRTYNVGPTTYEFDSSSKTITQGTFANPLYGGDILKPGYTLHVASGVNAGDYTIASISPDRTAITVVESIPSTTSYSTTITHTNLNSIVEDILIPPPSLSFVTKDWTGNGISVKGDIRFSIINNMMRKVARQKSAFLADCEYSFFKYGVEVGGYSSVYNVPAGNYNHMNDNGYTVTFDYTLKVAARKIATLIFGDKYYSAA
14_KPN_B7_PHAGE068_M_PROTEIN_7_KL57	KPN_B7_PHAGE068_M_PROTEIN_7	PREDICTION	KL57	KPN_B7_PHAGE068_M_PROTEIN_7_KL57	KL57	MAEVPLPTPTDNQVPSTDIRDAVYAGAMLDKVVTSTELTYTDRLGGEHYTVDGIKAEGDKVVEETRQNLIPLSRQYMTLSDAQADIANIPEGSTTYYRSPDDSALAIEVINNGGTLQPTGRQMPSQESVLNAISEYISNGIEEGDFLRVVDILGFVLFRAKNSGAFGTKAAMVNPDSISLSALSISLTNNTGLRLMDPFGFYIDVVDKNGVVAPRAMQVARDGSFATSLLALKKNDLSLTDFRLQSTDSAWLAIADNFGFYKTIIDKDGNLVNSGGGGGGDVPAIDVRDNANKAYWEKVRSKYNAAIQRPVANLNHIVWYGQSLASNQEGWPALSKVAKALYDNLMLGDSSRPNSRTDPTFTPLGTAVLNPLKAVVQTSDGSALMSDADVAALPRGSVNEGEGAVACANFFRKLWLQSQGLMQDSNRRLVLSNCAVNGRTIEQLSKGASPELYNRVREAISRVKTIASSQSLTYRVAAFTWLQGEWNYGTGYGGNDTLAGYKALLAQLYSDLLADFCSDQDPAALFMYQTSGKYTNDNKNLAIGMAQLQFSLENENCYMVAPSYPYPDKDGHLDPNGYRWQDMQFAKVMHRVLNLGEGWEPLHCRNATLTDNVALLDYVVPAPPLQWGKPFVILVQTDYADKGYRATDLTGDLPITSVEIVADTVVQITFGRSPVKPVNIWYADKTVHNGNGCLMDSDEFQSSENYEYNAGTGQYSEANISSMVNKPYPLNNWAVAQYITIA
15_KPN_B9_PHAGE144_M_PROTEIN_14_KL6	KPN_B9_PHAGE144_M_PROTEIN_14	PREDICTION	KL6	KPN_B9_PHAGE144_M_PROTEIN_14_KL6	KL6	MSNIKEAPVWSDSVHLLSRQERVEGGAGGSANIQAQQLANRTAYLKEALESIPDYRQHTFYPSEGDPDGTIAGVAGTEDGDGFRVALFDAAGVTAAYNIYRNVSGAAQFITAEPNTRYIELISQRIPVSVRGRFYAAILGDDGTVCLGGRKSDGKTEISDGTVIEDALGALHVYHSTNEAVSKTADKMCFVYIDDKGEPHLYSNSGGVAEHVFSFITENKVSQRLKRSGYIAGTVGRNDELLTGTRKEDGAFVTYLSGNIDEKIKWLIENSNGHTSATESHTYADSKGAGTGGTPFPAQLAALIGGGFNAVNYGIGGQKSGQIAMRLGAQPTYVTVEGNAIPAANGSVVITQFNGASATAAPAYPSQDKRLLSTNSDNLTRSIDGWLCGVKCRITREASGLNNNTKVEKYTLTALSGTGVRCLPGSLFVPEYALQDHSGAELWICAGINDFRSGTDADLTDDVAQIIKNVDAMIAFAEKSGRKVLLFALTADNYSTEFYGGIRYMRILEINYYWSQKYPDYYVRADNGLDVRELLIAAYNANNAQDVIDYGNDITPSSLRSDDRHPNTAGYAIYANAGYQFRNRKGF
16_KPN_B12_PHAGE243_M_PROTEIN_2_KL64	KPN_B12_PHAGE243_M_PROTEIN_2	PREDICTION	KL64	KPN_B12_PHAGE243_M_PROTEIN_2_KL64	KL64	MAEVPLPTPTDNAVPSTDIRDSVYAGAMLDKVVTSTELKYTDRLGGEHYTVDGMKAEGDQVVEETRQNLIPLSRQYMTLEAAQADIANIPMGSTTYYRSPDDSALAVEVINNAGTLEPTGRKMPSQASVDSASEKATLALESVPVERVLPELVPVVQDSVGKVALWLEDGDLNGKGVSREFADKSAAASSIVTGISEMVPSESVTPQLVPVVQDAEGKVSIWLENGDLAVKGISDDTSDKVATSGTILPEKVAMLPSEEVAPSLIPLVQDADGNVSLWLENGDFVARGLGSSLIDIISAALSGVFQKPFKYTDARTAWRWRTAKSKYKLSVTSKLKVGFTGDSWTEKKAIPQMMANILYSDYTKAGEGWINFASANGDTLNGMTFSISGWTTYDASETTVAPTYGCALDGLCLYATGTAARITLNSVSATGLSIYYKDTLGTFRYTIDGGTPVVVTGAGTGNVTKVDITGLSSTGTHQLVIDLTGNADTVVIYGVYATISSNGVEIQKFGNANITADGYTKVLSYIPYFAQQLNPDIIFMIIGTNDYRLGRTLSNFYTALTSWVQTYKTALPDTCLVLIAPPQCNATGSYPLTSYRDIMRKVATENNCEFFSLYDDFPSSYATANSYGLWNDALHLNNNGADFLSRELYKYFL
17_KPN_B17_PHAGE521_M_PROTEIN_6_KL7	KPN_B17_PHAGE521_M_PROTEIN_6	PREDICTION	KL7	KPN_B17_PHAGE521_M_PROTEIN_6_KL7	KL7	MSNLQESPVWVDGIYQLTEETPVLGKQEDVPGDGPANIQAIQLANRTLFLKMLLEGSLDFKNLTFFITESDPDGTIAGLAATANGQLFRVVQAADSDSSFIYYINNAGVADPVVYMPSNEALEKIKQTISDVPEVQRIAQWESEGGFVLAWLDNGALKTTDFEVGAKGLAMDILAFEENANGEHITQDEHGFILEKRSSGGIENISGKYSATHREERTIEDEYGFIIERRTADAREDVSGKYKTSRSNDVVIEDEYGFHIFSAMKAGATAEPQDTGATRAAFIASMDNLALAVSSAVNSKLVTGIQRPVFDYNLVITYGQSLSTGTEGWAALSTVAFEAENILMFGDSVRPTTDRDTGGSVWSPVGGAALKPLRAVTQAIGGGSVLTAEEEAALVPGATNEGETFDVGAVNFWRRLQNDFRGISVNPERKIIVLNCGVQGRTVEQLSKGAALNHYNRVIQAVTKVKAYIASQQPAASVGITAILHAQGEWNYWAAGSGTHDRATFLELTKQLRTDLIADCAYGICGQLLPPAWVTYQTGAGYTVDTQDLAIGMAQIDMADTVPGCWMATPVYQVTDKNGHLDPNGYRWAGMQFGKVLHRILDRGTDWKPLKPIKAVRYSDREIIVSFLTPSPPLQFRESYVVNTATLYPNKGFLVKDANGVVGIESVSIVGQSVVSVVLSATPVGEAYLWYAPGTTYRGNGNLCDSDSTIAPYNYEYHAGSGQYASANIAALVDKPYPLNNFCVAFRIKCEDI
18_KPN_B18_PHAGE066_M_PROTEIN_10_KL8	KPN_B18_PHAGE066_M_PROTEIN_10	PREDICTION	KL8	KPN_B18_PHAGE066_M_PROTEIN_10_KL8	KL8	MAFNPELGSTSPAVLLDNAERLDKLVNGSALTEPDRAGDDLDTWRGMMAKNEALTEETRQNLIPLSRQYATLAAAQADIANIPEGSTTYVRSAGGNSLADEYINNGGTLKATGRKMPSYELIEPLINLIESVLYTDNDEYSRSPADSAIMDKNHRWLLQWHGDEIWLKNADIKGTLKIKDLQVSGDVSFDDATINSLKVNSLDTDTISIGGVEIPVSFASPDEYARSPADSAIMDKNHRWLMFWEGDKLNLKNLAVKYGLTAGKIDTSELSINGVRAPLDYLNPDEYSRSPYAEVVVDKNLRIMQSTDDDGHVVIAGRLINPEPPASDSYEVYADAGKLYRINKTTSDRELIDSNTNNYNVQNAPEIFTFDSTRDDTVIGNKWFSAYSPYKPAAYYGRRAIVGFGHSFMANPRFLRTLSDLTGLPTYNFGRSGGLSRTMALRAGAYTVSYAPVGGVIPESGSVALTPADPGVLQVVGNAAVSETVRGNLAGVDGTLAWDGTTLTFTRDVSGPAVAVPTVTPFIYYPYTIDSTNTVEKGVRYDPHGEAINWLWLGRNNASQAGQILSDARAIIESMRAKHKRFVISPEFPMATEIKGTSGNAYIPWLNQQLKKLAPDNYCEIDGVDMLANFNAHYNPAYAPDVTDIDNGITPRSLRQDSLHPSQTLQANALYIGADVNAQFGLQFLKNKGWL
19_164_08_KL2	164_08_KL2	EXPERIMENTAL_4NPA	4-nitrophenyl acetate	164_08_KL2	4-nitrophenyl acetate	MAELNPPLGTTTPEIFLDNVKRADELVNGPAGTVNDRGGEPLDTWRQMMAKNDEVRQNLIPLSKQYQTLAEAQADIANIPAGSTTYVRSHDDSALADEYMNNGGTLQPTGRKMPSQAAIQAVLDYISSLIATDDADSPLLTLNDEAGFRLAAFGLNAIQSNAMNAEYDPDVSGFVFRDSVGFVIQQIGTPLLSSVDSVQPVVEQQRLVTEAFSAESDADISGFVFRDSVGFVLMNLNGEQSNQNNDGVDDISRRNAANLAAAAAARDEINTRIARPVYDYNILITDGQSLSNGNEGWAALSKDIRATLNINMLGDSVRPKNENGSTFTPLNGAEIRPARAVVQDLIAPPDGGNLMTDEAVAALPRGANNFGETVDIGAMWMWREMQLQFRGLATDERKIVAVNCGVGGQIIEHLSKGHSWGFYNRIISAVTQIKAIADTEGKTCGVVGFLYLGNEYNYDSTKGGATDRAEYRALLRKLIDDVITDTTAITGQTEPPLTVLYQTSGSWTRDSTNMSIGEAQLDICAADANVMMASPAYAVTDKGGHLDANGYRWLGMQFGKVLHRAIDRRQNWRPLQPLSVTLSGTFLRADFLVWSPPLQFRSCYVGSSPTTYAAKGFRVTDDAGDVPVTRVDIVADTVVDITLGRETTGDVYLWYASQTGSNGNGNLFDSDTTVAVANYEFHEGTGQYPESNIPELVNRPYPLNNPCVAFRRQAIII
20_174_38_KL55	174_38_KL55	EXPERIMENTAL_4NPA	4-nitrophenyl acetate	174_38_KL55	4-nitrophenyl acetate	MTRINETPKWEGDIYQLSRQDKVEGGKDGAANKQAGQLANRTLYLKEAIDDLSDAVYSGSDIYETKEAGLLKTSEGEYFKVPVSGISDISYILYQNKSGVAVEILREKSPYSSGYQSATVVSSSAANTVAITIPGLLGDGSLIYFLSPILNTGAVNVTVTDAKGSVVTRAIQKQNFAALAGNELLLNQPVLMEFRTGTANNFVLVASGPVAAELNARLLNVELNSVAIVSAVTMTSDAYTGNTANTTSSQVLVTGRAFVFTPSATNTTRTPTLSLNGWTARTIKQAGGTALAVGDLVSGYPYLLMYNAAASDFRLLTYPGDRARVLNAYTKGTVTSDSSSPNAVSVTIPGLLGDGTQITFEPVVANTGATTLVITDLYGNSVTRNLLKGANTALTGGELQAAKPVTVQYRGSPVNNFKLLLSGDPTTDILNLKSDVTTLQGAITDPYIKLRKKLIGDGTAADTSPFGKISFSNGVRTVTKKRLIFTSTGSSVGLGAGSTDGGVPGAPFAPNTLFIEAMKKYLSPYGEFEFIDDNQCIIGQALLQFPAQLQNSPYFTSENPDDWPDFVLIVGGMNDAPVGNFNRGRTFPRQQGELENIIDMCTAKGAVVIVCTTPHNNVEHNTVKNITLGNLNVVWPVRTFSVTGNFTFDSASNTIYSTAFSYDTGNAATSWGGQILLPGHILRVSGSNAGDYTITGISADRNTITVAENIPVSGLIYTTIQQINLDSIIEEVLDPPPSKSFVESDWSGSGIQVVGDVRFGRFNSMARSIAREKSVFVMENEIPWFRLGVEVHGWSALFNSPNYNHPNDLGYTVSYKAGADTAAFSLCKLIYGEKYYLPS
21_YP_004782195.1	YP_004782195.1	EXPERIMENTAL_LPS	acetylated O-antigen LPS	YP_004782195.1	acetylated O-antigen LPS	MNEMFSQGGKGSTGILTNKQAIARHFGVKQSEVVYFSVGAVLSGYKVIYDKGTQRAYSLPANIGSGVTAISLSPAGVLVHSAGSVDLGALAVTRKEYVTLPDTFTSGSVIQTKNELLTHNGTQYRWAGGLPKSVPLNSTPVSAGGISPTAWVIANDELIRQELNNGLIPPVGSTSVYDVPGIVVNTTTDNRAAAYAFPGKIFIPNGVTIRCNLLPDDDVRKFVGEGKLIVKNQWYAKDHTFDIAASMNGNNKTVNDEIYCAFRDQTFCRIGIIGDSITDGAWGKQDWSSPPTNSDGDLDAPSTYNHSLSGGSHSWTEHWMNGLLLTQSRRSGETIYQSANCSVSGKKLSDGWGYRNFDRGFFGNTRYGAEAPRVCILAMGWNDSSASIATYRDQIDKFVRKAWGYGCAVGIVTVNDNDSVRMAFELSTKKYMADKLGVEYFNLGPNLTSASSRNEQTGYYYYVKKDGTWDTTHPQELGQMAMGNAMYMQTLGNKYCRRVRPGDMLTQAAVENYWDCVGYPSGTHYAPQYVPVSGAPALNVFRFLSKCVTNENVTMTTMVWCEEEGMTVSLLEPWTNAAVVGQSHNIRVESPVGKALFESGEYQERNTQINAYRTVLNGKTAMSYFGGGKTLTTYMGRLRKGLNFIRYIIDGSPTDAYFPMLKFGSYKTDGVKLPMVRLSKEPNMTRPAPVMKQSNANDYGVFGEVLSGTQFSKTADSHLYNGASVGYLAVPRGLKKNTYIALNYNPLTNVGVLVGVNAAGNMCIGTFNNANPTDWVVFGDTTREDKGFKVWEYTSSSTGAHTFTVESDDGTATTSAFSTTVATSGYVGLYNPSASSQLFTLEYSMTIGNVG
22_QNO11465.1_K26	QNO11465.1_K26	EXPERIMENTAL_KL26	KL26	QNO11465.1_K26	KL26	MTNSINELKSYTEYNVNTPTSVFTIGFQYEYNVDHVNVTVDGVEATAAGYTIQHDSHGTVTLTPAVPSGVVRLSRETDIDTAAHTFSAGAKFTAGNMNENFEQIRHSQQEVRDGFSKLKDDIGFTNLEQTVQAVRIIANEVEDNVSQSQSLLDNTITQANLAQGYADSASVANTAAQQAAADAQQAVIDVSTAEADVYAALSAQQTTVNNSLAAYVGGRKAYTTLALAQADQANLPANTAIEVTNDGANNGTYQWDGTTLTKSTYDPLTQSKLYTNNKVQDEISKALSGKLLTVEDRVVYSLDGVTLENVYQGDFFFTDVSVEAGQWYLITSNALGSVRAYYIANASGNLVKYGEPTVSEELVQVPVGGVRLVVNSLKTARDNFSVKLLSKDEATILQKAKDAPNPKTLIEKALSGNIDTTMNSTIYSPDGLTLDAVAHADLFCADMSVKEGDWYLITSDASGSVRAYYTANGNTVKSYGEVTESLKFVQIPVGANRLIVNSLISNKDKFSVKLLSKDEVALFKSSQVVTTVRDAFPSRPSYPNLLKEKCPKFYEKLKGKTGDLTVCLTGTSLTLGNLYATDRSDGTTRPPQLHTNDLASAIFDSLIGYWDGQQYRRYDHADLTYSSSAWVVTNDVKDGENSVWDDRAEYRNGLTKTTTSANASVAITIPSDAWQFNFIYRSDSQGGNCTVAISEGNSKVEVFNGTAWVEANGFTFSMLESAATATKGNTIFQKRLKMRCKNKAGGINSIGSTKRITITKANDNTRFNVVGFEWSPREFMFTFINSARGSHNWGLANGYNLENYQDGDIWNFNPDLILCEATIINWGGSWGYDVDPLYYSNIAKRTYFNEFNDNPNSLHVKSNAYQNCEIIFYGDTVSAHDSQAASWNGKQPRFATVTTAADNGNGSTENIGRVKNIFENYAEVERYMASKDHIFIPVSVMFKNVADKYFGNYWDAFRGTDKAGTTLSYDAIHLNDNGYKLWSLPIVPIFENL
